id,name,model_id:id,group_id:id,perm_read,perm_write,perm_create,perm_unlink
access_autoboutique_bid_user,autoboutique.bid.user,model_autoboutique_bid,base.group_user,1,1,1,0
access_autoboutique_bid_line_user,autoboutique.bid.line.user,model_autoboutique_bid_line,base.group_user,1,1,1,0
access_autoboutique_receiving_user,autoboutique.receiving.user,model_autoboutique_receiving,base.group_user,1,1,1,0
access_autoboutique_vehicle_user,autoboutique.vehicle.user,model_autoboutique_vehicle,base.group_user,1,1,0,0
access_autoboutique_vehicle_operations,autoboutique.vehicle.operations,model_autoboutique_vehicle,group_role_operations,1,1,1,0
access_autoboutique_qc_user,autoboutique.qc.user,model_autoboutique_qc,base.group_user,1,1,1,0
access_autoboutique_repair_user,autoboutique.repair.user,model_autoboutique_repair,base.group_user,1,1,1,0
access_autoboutique_repair_line_user,autoboutique.repair.line.user,model_autoboutique_repair_line,base.group_user,1,1,1,0
access_autoboutique_mrf_user,autoboutique.mrf.user,model_autoboutique_mrf,base.group_user,1,1,1,0
access_autoboutique_mrf_line_user,autoboutique.mrf.line.user,model_autoboutique_mrf_line,base.group_user,1,1,1,0
access_autoboutique_detailing_user,autoboutique.detailing.user,model_autoboutique_detailing,base.group_user,1,1,1,0
access_autoboutique_sales_application_user,autoboutique.sales.application.user,model_autoboutique_sales_application,base.group_user,1,1,1,0
access_autoboutique_vehicle_release_user,autoboutique.vehicle.release.user,model_autoboutique_vehicle_release,base.group_user,1,1,1,0
access_autoboutique_registration_user,autoboutique.registration.user,model_autoboutique_registration,base.group_user,1,1,1,0
access_autoboutique_insurance_user,autoboutique.insurance.user,model_autoboutique_insurance,base.group_user,1,1,1,0
access_autoboutique_document_user,autoboutique.document.user,model_autoboutique_document,base.group_user,1,1,1,0
access_autoboutique_commission_user,autoboutique.commission.user,model_autoboutique_commission,base.group_user,1,1,1,0
access_autoboutique_qc_line_user,autoboutique.qc.line.user,model_autoboutique_qc_line,base.group_user,1,1,1,1
access_autoboutique_qc_checklist_item_user,autoboutique.qc.checklist.item.user,model_autoboutique_qc_checklist_item,base.group_user,1,0,0,0
access_autoboutique_qc_checklist_item_admin,autoboutique.qc.checklist.item.admin,model_autoboutique_qc_checklist_item,base.group_system,1,1,1,1
access_autoboutique_dashboard_user,autoboutique.dashboard.user,model_autoboutique_dashboard,base.group_user,1,1,1,0
access_autoboutique_bid_admin,autoboutique.bid.admin,model_autoboutique_bid,base.group_system,1,1,1,1
access_autoboutique_bid_line_admin,autoboutique.bid.line.admin,model_autoboutique_bid_line,base.group_system,1,1,1,1
access_autoboutique_receiving_admin,autoboutique.receiving.admin,model_autoboutique_receiving,base.group_system,1,1,1,1
access_autoboutique_vehicle_admin,autoboutique.vehicle.admin,model_autoboutique_vehicle,base.group_system,1,1,1,1
access_autoboutique_qc_admin,autoboutique.qc.admin,model_autoboutique_qc,base.group_system,1,1,1,1
access_autoboutique_repair_admin,autoboutique.repair.admin,model_autoboutique_repair,base.group_system,1,1,1,1
access_autoboutique_repair_line_admin,autoboutique.repair.line.admin,model_autoboutique_repair_line,base.group_system,1,1,1,1
access_autoboutique_mrf_admin,autoboutique.mrf.admin,model_autoboutique_mrf,base.group_system,1,1,1,1
access_autoboutique_mrf_line_admin,autoboutique.mrf.line.admin,model_autoboutique_mrf_line,base.group_system,1,1,1,1
access_autoboutique_detailing_admin,autoboutique.detailing.admin,model_autoboutique_detailing,base.group_system,1,1,1,1
access_autoboutique_sales_application_admin,autoboutique.sales.application.admin,model_autoboutique_sales_application,base.group_system,1,1,1,1
access_autoboutique_vehicle_release_admin,autoboutique.vehicle.release.admin,model_autoboutique_vehicle_release,base.group_system,1,1,1,1
access_autoboutique_registration_admin,autoboutique.registration.admin,model_autoboutique_registration,base.group_system,1,1,1,1
access_autoboutique_insurance_admin,autoboutique.insurance.admin,model_autoboutique_insurance,base.group_system,1,1,1,1
access_autoboutique_document_admin,autoboutique.document.admin,model_autoboutique_document,base.group_system,1,1,1,1
access_autoboutique_commission_admin,autoboutique.commission.admin,model_autoboutique_commission,base.group_system,1,1,1,1
access_autoboutique_dashboard_admin,autoboutique.dashboard.admin,model_autoboutique_dashboard,base.group_system,1,1,1,1
